date,clip_id,privacy,url
2026-08-17,ConsiderateAmazonianTortoiseGOWSkull-YS9dxDSl3LZVRL3L,private,https://youtu.be/xm3hOruS-YI
2026-08-17,SpikyExcitedLobsterJebaited-Fw49ktF-KKeESqhf,private,https://youtu.be/xyjK-626HV8
2026-08-17,SmokyFragileFoxRedCoat-MRH2eCK-8aE8xUzd,public,https://youtu.be/TxCNzDjFwTU
2026-08-17,AdventurousArtsyElephantVoteNay-NLTU1JnLALaqmlEF,public,https://youtu.be/DFYIwAF2mvY
2026-08-17,FamousBrainyQuailAliens-oOfKyqVliISv5Y5c,public,https://youtu.be/gCdqMM9mhE8
2026-08-17,ApatheticSuspiciousDogCharlietheUnicorn-f-3zpSUPQ7BoVSup,public,https://youtu.be/e4lmTAi_Xqg
2026-08-17,IronicScrumptiousWhaleDoritosChip-RkcLo7pWr1twneAe,public,https://youtu.be/kkzGXWViSN4
2026-08-17,GenerousNastyBadgerTBCheesePull-X-BF2oFkk_zShL5t,public,https://youtu.be/N0dLqGPtcxY
2026-08-17,HyperJoyousCourgetteNomNom-tnUYHivGgFZ4tzfy,public,https://youtu.be/S5RcjRZOUeE
2026-08-17,ZanyTameTapirPastaThat-5bgnIbx79D7TaS_R,public,https://youtu.be/h2N8yPYU_dI
2026-08-17,LittleUgliestOctopusLitFam-tm99fWKOd-jch9Jy,public,https://youtu.be/2EdtOcqp0ng
2026-08-17,BlithePluckyHyenaNerfBlueBlaster-cHNRqiZ70U7helrl,public,https://youtu.be/1b0Z7yV0zIg
2026-08-17,CharmingVibrantHippoKappaPride-YzmwztIGa-7OzG_K,public,https://youtu.be/qDaeeYgSpSA
